university,career,inscription_date,last_name,gender,birth_date,location,email
UNIVERSIDAD_DEL_SALVADOR,LICENCIATURA_EN_CIENCIAS_GEOLÓGICAS,20-Nov-21,BARBARA_SAVAGE,F,31-Oct-01,ARENAZA,APRILPAYNE@HOTMAIL.COM
UNIVERSIDAD_DEL_SALVADOR,LICENCIATURA_EN_MUSICOTERAPIA,20-May-21,ADAM_BEARD,M,16-Nov-98,INDEPENDENCIA,ROBERT64@HOTMAIL.COM
UNIVERSIDAD_DEL_SALVADOR,LICENCIATURA_EN_ARTES,20-Mar-21,BRETT_BENDER,M,18-Jun-85,ISLA_TIGRE,ANDREWSAMY@HOTMAIL.COM
UNIVERSIDAD_DEL_SALVADOR,TÉCNICO_PARA_BIOTERIOS_,20-Nov-19,CATHERINE_SANCHEZ,F,02-May-72,9_DE_ABRIL,VFERGUSON@HOTMAIL.COM
UNIVERSIDAD_DEL_SALVADOR,ACTUARIO_,20-Jun-20,ALLISON_MORAN,F,28-Dec-71,COLONIA_SANTA_TERESA,BRIAN85@GMAIL.COM
UNIVERSIDAD_DEL_SALVADOR,TÉCNICO_PARA_BIOTERIOS_,20-Jun-21,GREGORY_RUSSELL,M,10-Apr-68,CAMPO_SABATE,ANDERSONAMANDA@HOTMAIL.COM
UNIVERSIDAD_DEL_SALVADOR,LICENCIATURA_EN_CIENCIA_Y_TECNOLOGÍA_DE_ALIMENTOS,20-Sep-20,ELIZABETH_MORENO,F,28-Jun-06,AGUA_DE_LA_ZORRA,TAYLORLORI@YAHOO.COM
UNIVERSIDAD_DEL_SALVADOR,LICENCIATURA_EN_KINESIOLOGÍA_Y_FISIATRÍA,20-Oct-21,NICHOLAS_ROSS_JR.,M,23-Sep-74,CAMPO_REDONDO,RMELENDEZ@YAHOO.COM
UNIVERSIDAD_DEL_SALVADOR,DISEÑO_INDUSTRIAL,20-Aug-20,JOHN_WEST,M,29-Jun-19,ALGARROBO_DEL_AGUILA,MARCUS96@HOTMAIL.COM
UNIVERSIDAD_DEL_SALVADOR,CONTADOR_PÚBLICO_,20-May-21,FREDERICK_DOUGLAS,M,25-Aug-71,COLONIA_LOMA_NEGRA,ELIZABETHCOSTA@GMAIL.COM
UNIVERSIDAD_DEL_SALVADOR,AGRONOMÍA,20-Apr-21,CHRISTOPHER_PATTON,M,28-Dec-99,ALMACEN_EL_DESCANSO,KENNETHHANSEN@YAHOO.COM
UNIVERSIDAD_DEL_SALVADOR,LICENCIATURA_EN_CIENCIAS_GEOLÓGICAS,20-Oct-21,EMILY_WALKER,F,29-Dec-80,AGUADA_GRANDE,BRADLEYKIMBERLY@HOTMAIL.COM
UNIVERSIDAD_DEL_SALVADOR,DISEÑO_INDUSTRIAL,20-Oct-19,JONATHAN_MURPHY,M,15-Sep-83,COMODORO_RIVADAVIA,RUSSOLAUREN@HOTMAIL.COM
UNIVERSIDAD_DEL_SALVADOR,LICENCIATURA_EN_KINESIOLOGÍA_Y_FISIATRÍA,20-Mar-21,JOHN_THOMPSON,M,25-Sep-49,CAVOUR,FOSTERJAMES@HOTMAIL.COM
UNIVERSIDAD_DEL_SALVADOR,LICENCIATURA_EN_CIENCIAS_GEOLÓGICAS,20-Mar-21,EMILY_HILL,F,20-Oct-71,ITURRASPE,VALERIE83@GMAIL.COM
UNIVERSIDAD_DEL_SALVADOR,TÉCNICO_PARA_BIOTERIOS_,20-Jun-20,CHRISTOPHER_ROBINSON,M,20-Oct-26,BAÑOS_PISMANTA,JASMINEMORRISON@HOTMAIL.COM
UNIVERSIDAD_DEL_SALVADOR,LICENCIATURA_EN_CIENCIAS_GEOLÓGICAS,20-Oct-21,COREY_UNDERWOOD,M,11-Aug-71,LA_PELADA,DARRELL87@GMAIL.COM
UNIVERSIDAD_DEL_SALVADOR,LICENCIATURA_EN_SOCIOLOGÍA_,20-Sep-20,EDWIN_JACKSON,M,11-Oct-05,CENTINELA,ANDERSONNATALIE@HOTMAIL.COM
UNIVERSIDAD_DEL_SALVADOR,INGENIERÍA_EN_INFORMÁTICA,20-May-21,ELIZABETH_MARTIN,F,29-Dec-59,ANGELONI,XDAVID@YAHOO.COM
UNIVERSIDAD_DEL_SALVADOR,LICENCIATURA_EN_CIENCIAS_GEOLÓGICAS,20-Dec-19,CINDY_MCCARTHY,F,18-Nov-14,ANECON_GRANDE,MARKNORRIS@YAHOO.COM
UNIVERSIDAD_DEL_SALVADOR,ARQUITECTURA,20-Sep-20,MALLORY_VILLARREAL,F,26-Jan-81,AGUARA_CUA,PORTERDAVE@YAHOO.COM
UNIVERSIDAD_DEL_SALVADOR,LICENCIATURA_EN_MUSICOTERAPIA,20-Nov-19,CHRISTOPHER_JOHNSON,M,25-Mar-86,CHAPI_TALO,PGARCIA@GMAIL.COM
UNIVERSIDAD_DEL_SALVADOR,LICENCIATURA_EN_CIENCIA_Y_TECNOLOGÍA_DE_ALIMENTOS,20-Dec-21,LEE_ANDREWS,M,26-Mar-39,CAMPO_MAGNIN,MITCHELLREGINALD@HOTMAIL.COM
UNIVERSIDAD_DEL_SALVADOR,MEDICINA,20-Apr-20,JOSHUA_BARNETT,M,19-Sep-51,CAMPO_MEDINA,STEPHENSMARK@YAHOO.COM
UNIVERSIDAD_DEL_SALVADOR,LICENCIATURA_EN_CIENCIAS_DE_LA_EDUCACIÓN_,20-May-21,TRACY_DIAZ,F,23-Feb-24,ALDAO,ANDREA63@YAHOO.COM
UNIVERSIDAD_DEL_SALVADOR,LICENCIATURA_EN_PRODUCCIÓN_DE_BIOIMAGENES,20-Apr-20,JAMES_FRANK,M,24-Jul-80,ALTO_VERDE,SARAH12@GMAIL.COM
UNIVERSIDAD_DEL_SALVADOR,LICENCIATURA_EN_PSICOLOGÍA,20-Dec-20,COURTNEY_MALONE,F,07-Apr-77,CERANA,JASONADAMS@GMAIL.COM
UNIVERSIDAD_DEL_SALVADOR,LICENCIATURA_EN_CIENCIA_POLÍTICA_,20-Jun-21,DONALD_KELLY,M,27-Nov-85,3_DE_MAYO,THOMASSTEVENS@YAHOO.COM
UNIVERSIDAD_DEL_SALVADOR,LICENCIATURA_EN_CIENCIAS_ANTROPOLÓGICAS,20-Dec-21,MONICA_GRAHAM,F,17-Apr-75,ADOLFO_J_POMAR,WMARTINEZ@HOTMAIL.COM
UNIVERSIDAD_DEL_SALVADOR,ACTUARIO_,20-Mar-20,CARL_BROWN,M,23-Sep-07,AGUIRRE_CUE,IGRIFFIN@YAHOO.COM
UNIVERSIDAD_DEL_SALVADOR,LICENCIATURA_EN_CIENCIAS_ANTROPOLÓGICAS,20-May-20,CORY_SMITH,M,13-Sep-84,CHUMBICHA,LORI00@YAHOO.COM
UNIVERSIDAD_DEL_SALVADOR,ACTUARIO_,20-Jun-20,PATRICIA_HAYES,F,16-May-63,BALDERRAMA,TFULLER@HOTMAIL.COM
UNIVERSIDAD_DEL_SALVADOR,LICENCIATURA_EN_KINESIOLOGÍA_Y_FISIATRÍA,20-May-21,BRYAN_OSBORNE,M,12-Jul-58,ALTO_DE_SIERRA,MELISSAREED@GMAIL.COM
UNIVERSIDAD_DEL_SALVADOR,AGRONOMÍA,20-Mar-20,KAYLA_BRADLEY,F,03-Jul-73,INGENIO_LA_PROVIDENCIA,KEITH08@HOTMAIL.COM
UNIVERSIDAD_DEL_SALVADOR,LICENCIATURA_EN_ARTES,20-May-20,KRISTEN_RICHARDS,F,14-Feb-67,DIQUE_TOMA,ORODRIGUEZ@HOTMAIL.COM
UNIVERSIDAD_DEL_SALVADOR,LICENCIATURA_EN_GESTIÓN_DE_AGROALIMENTOS,20-Sep-21,ARTHUR_THOMAS,M,18-May-99,CUCHA_CUCHA,FCHAPMAN@HOTMAIL.COM
UNIVERSIDAD_DEL_SALVADOR,LICENCIATURA_EN_RELACIONES_DEL_TRABAJO_,20-Jan-20,CHRISTOPHER_NICHOLS,M,15-Apr-81,COLONIA_LOTE_12,JOSEPHJENKINS@HOTMAIL.COM
UNIVERSIDAD_DEL_SALVADOR,LICENCIATURA_EN_CIENCIAS_DE_LA_EDUCACIÓN_,20-Oct-20,JAMES_MENDOZA,M,30-Jul-53,SAN_GERONIMO,KIMBERLY73@HOTMAIL.COM
UNIVERSIDAD_DEL_SALVADOR,FARMACIA,20-Mar-21,KAREN_PATEL,F,17-Mar-86,AGUAS_BUENAS,MORGANLEE@GMAIL.COM
UNIVERSIDAD_DEL_SALVADOR,LICENCIATURA_EN_CIENCIAS_DE_LA_COMPUTACIÓN,20-Jun-21,JENNIFER_WALTER,F,04-Nov-78,CHACABUCO,JOSHUABOYD@HOTMAIL.COM
UNIVERSIDAD_DEL_SALVADOR,ACTUARIO_,20-Jan-21,STACEY_DURAN,F,11-Apr-97,CAMPO_UBAJO,GREENESTEVEN@HOTMAIL.COM
UNIVERSIDAD_DEL_SALVADOR,INGENIERÍA_ELECTRÓNICA,20-Sep-20,CHRISTOPHER_GARCIA,M,12-Aug-23,COLONIA_JAUREGUI,DONNA62@YAHOO.COM
UNIVERSIDAD_DEL_SALVADOR,LICENCIATURA_EN_CIENCIA_POLÍTICA_,20-Apr-20,CRISTINA_PORTER,F,16-May-29,CORRENTOSO,AMANDA24@YAHOO.COM
UNIVERSIDAD_DEL_SALVADOR,LICENCIATURA_EN_CIENCIAS_BIOLÓGICAS,20-Apr-21,MICHAEL_KNIGHT,M,19-Nov-21,CACHIYUYAL,NICOLEHARPER@YAHOO.COM
UNIVERSIDAD_DEL_SALVADOR,INGENIERÍA_ELECTRÓNICA,20-May-20,JOHN_MAY,M,11-Nov-74,INDACOCHEA,CHARLESSIMPSON@HOTMAIL.COM
UNIVERSIDAD_DEL_SALVADOR,LICENCIATURA_EN_GESTIÓN_DE_AGROALIMENTOS,20-Dec-19,LISA_CUMMINGS,F,13-Feb-63,KILOMETRO_47,COLLINSBREANNA@GMAIL.COM
UNIVERSIDAD_DEL_SALVADOR,LICENCIATURA_EN_ARTES,20-Feb-20,JENNIFER_LE,F,16-May-70,CHAPALEUFU,HAILEY73@YAHOO.COM
UNIVERSIDAD_DEL_SALVADOR,LICENCIATURA_EN_ADMINISTRACIÓN_,20-Jul-21,KATHRYN_PITTS,F,21-Mar-10,ABRA,DSMITH@GMAIL.COM
UNIVERSIDAD_DEL_SALVADOR,DISEÑO_INDUSTRIAL,20-Dec-19,NATHANIEL_CHANEY,M,09-Jan-12,VILLA_ADELINA,BRADLEY84@YAHOO.COM
UNIVERSIDAD_DEL_SALVADOR,LICENCIATURA_EN_CIENCIAS_DE_LA_COMPUTACIÓN,20-Sep-21,NICHOLAS_HEATH,M,05-Feb-88,COLHUE_HUAPI,UCALDWELL@YAHOO.COM
UNIVERSIDAD_DEL_SALVADOR,INGENIERÍA_EN_INFORMÁTICA,20-Oct-20,MICHELLE_MEYER,F,17-Jul-09,AGUANGO,MARISAJOHNSON@YAHOO.COM
UNIVERSIDAD_DEL_SALVADOR,FARMACIA,20-Oct-20,DEBBIE_CHRISTIAN,F,12-Feb-50,ATUEL_SUD,PSMALL@YAHOO.COM
UNIVERSIDAD_DEL_SALVADOR,ACTUARIO_,20-Jul-21,RHONDA_PETERSON,F,08-Sep-99,CAÑADA_RICA,ETAYLOR@YAHOO.COM
UNIVERSIDAD_DEL_SALVADOR,LICENCIATURA_EN_RELACIONES_DEL_TRABAJO_,20-Nov-20,CINDY_TORRES,F,30-Aug-17,CHICHAGASTA,BENSONJAMES@GMAIL.COM
UNIVERSIDAD_DEL_SALVADOR,LICENCIATURA_EN_KINESIOLOGÍA_Y_FISIATRÍA,20-Jun-20,MATTHEW_MARSHALL,M,22-Jul-23,ARRIBEÑOS,SANCHEZRHONDA@HOTMAIL.COM
UNIVERSIDAD_DEL_SALVADOR,LICENCIATURA_EN_CIENCIA_POLÍTICA_,20-Jun-21,CRYSTAL_COLON,F,23-Jan-40,PIAMONTE,YOUNGMICHAEL@GMAIL.COM
UNIVERSIDAD_DEL_SALVADOR,AGRONOMÍA,20-Nov-20,SUSAN_SIMMONS,F,02-Feb-09,ALDAO,SARAH17@GMAIL.COM
UNIVERSIDAD_DEL_SALVADOR,INGENIERÍA_MECÁNICA,20-Mar-21,ANNA_MCCLURE,F,16-Mar-33,BARRIO_LA_UNION,HOLLYGORDON@GMAIL.COM
UNIVERSIDAD_DEL_SALVADOR,FARMACIA,20-Nov-21,CINDY_JOHNSON,F,06-Jun-94,CABILDO,AVILACHAD@HOTMAIL.COM
UNIVERSIDAD_DEL_SALVADOR,ARQUITECTURA,20-Oct-19,AUSTIN_RUSSELL,M,14-Sep-13,EL_PALMAR_DE_SAN_FRANCISCO,LORI48@HOTMAIL.COM
UNIVERSIDAD_DEL_SALVADOR,BIOQUÍMICA,20-Aug-21,BRIAN_PHELPS,M,14-Jul-07,ISLA_GRAN_MALVINA,PATRICIA57@GMAIL.COM
UNIVERSIDAD_DEL_SALVADOR,LICENCIATURA_EN_RELACIONES_DEL_TRABAJO_,20-Jan-21,KIMBERLY_DAVENPORT,F,07-Dec-05,CERRO_SANTA_ANA,MCLAUGHLINCINDY@GMAIL.COM
UNIVERSIDAD_DEL_SALVADOR,ACTUARIO_,20-Dec-19,KEVIN_PETERSEN,M,28-Dec-87,CUESTA_DEL_TERNERO,DEANRODRIGUEZ@YAHOO.COM
UNIVERSIDAD_DEL_SALVADOR,LICENCIATURA_EN_CIENCIAS_GEOLÓGICAS,20-Oct-21,ROBERT_MARTINEZ,M,23-Sep-10,CAMPO_SABATE,RDAVIS@HOTMAIL.COM
UNIVERSIDAD_DEL_SALVADOR,TÉCNICO_PARA_BIOTERIOS_,20-Jul-21,SAMANTHA_BAKER,F,06-Feb-36,COLHUE_HUAPI,ASHLEYGREEN@GMAIL.COM
UNIVERSIDAD_DEL_SALVADOR,FARMACIA,20-Mar-20,MONICA_MARTINEZ,F,13-Dec-95,CAMPO_MAGNIN,LANDRYLAURIE@GMAIL.COM
UNIVERSIDAD_DEL_SALVADOR,MEDICINA,20-Oct-20,ALBERT_MITCHELL,M,18-Nov-59,CAMET,OLIVIA25@YAHOO.COM
UNIVERSIDAD_DEL_SALVADOR,LICENCIATURA_EN_CIENCIAS_AMBIENTALES,20-Oct-20,ELIZABETH_MADDOX,F,31-Jul-57,EL_RETIRO,BWILLIAMS@YAHOO.COM
UNIVERSIDAD_DEL_SALVADOR,LICENCIATURA_EN_SOCIOLOGÍA_,20-Dec-21,MRS._HEATHER_HINES,F,02-Apr-03,BAÑADITO_VIEJO,MARYMILLER@HOTMAIL.COM
UNIVERSIDAD_DEL_SALVADOR,LICENCIATURA_EN_ADMINISTRACIÓN_,20-Jun-20,LARRY_ANDERSEN,M,29-Dec-98,ANTONIO_DE_LOS_HEROS,MELANIE92@YAHOO.COM
UNIVERSIDAD_DEL_SALVADOR,BIOQUÍMICA,20-Nov-21,MRS._HOLLY_HALL,F,10-Mar-12,ARMINDA,SETHHAYNES@YAHOO.COM
UNIVERSIDAD_DEL_SALVADOR,LICENCIATURA_EN_ARTES,20-Dec-19,HEATHER_LE,F,23-Dec-78,ALTO_DE_LAS_ARAÑAS,TANYA65@HOTMAIL.COM
UNIVERSIDAD_DEL_SALVADOR,LICENCIATURA_EN_PRODUCCIÓN_DE_BIOIMAGENES,20-Jul-21,BRIAN_ROBERTS,M,08-May-43,AGUANGO,KATHERINEGRANT@YAHOO.COM
UNIVERSIDAD_DEL_SALVADOR,LICENCIATURA_EN_CIENCIAS_DE_LA_COMPUTACIÓN,20-Aug-21,EMILY_MCGEE,F,31-Jan-09,ALBERTO_FLORES,ZMARTINEZ@YAHOO.COM
UNIVERSIDAD_DEL_SALVADOR,INGENIERÍA_MECÁNICA,20-Oct-21,LESLIE_SUMMERS,F,12-Nov-13,AVENIDA_EJERCITO_PARANA,WOLFEGRANT@GMAIL.COM
UNIVERSIDAD_DEL_SALVADOR,ARQUITECTURA,20-Jul-21,WILLIAM_JONES,M,10-Feb-50,ESTACION_LA_RINCONADA,JESSICADELEON@YAHOO.COM
UNIVERSIDAD_DEL_SALVADOR,AGRONOMÍA,20-Sep-20,GEOFFREY_SHEA,M,13-Jan-90,BARROS_PAZOS,MILLERMONICA@GMAIL.COM
UNIVERSIDAD_DEL_SALVADOR,LICENCIATURA_EN_SOCIOLOGÍA_,20-Apr-21,SARA_BOWERS,F,22-May-72,ALGARROBAL,MROBINSON@YAHOO.COM
UNIVERSIDAD_DEL_SALVADOR,CONTADOR_PÚBLICO_,20-Sep-20,MARK_SHAW,M,14-Sep-08,COLONIA_JAPONESA,ERIN47@YAHOO.COM
UNIVERSIDAD_DEL_SALVADOR,DISEÑO_DE_IMAGEN_Y_SONIDO,20-Aug-21,DOUGLAS_GONZALEZ,M,30-May-10,AGUIRREZABALA,WILLIAMJONES@YAHOO.COM
UNIVERSIDAD_DEL_SALVADOR,LICENCIATURA_EN_ADMINISTRACIÓN_,20-Dec-21,CRYSTAL_HUGHES,F,22-Nov-08,ESC_NAV_MILITAR_RIO_SANT,ANTHONYDUNN@GMAIL.COM
UNIVERSIDAD_DEL_SALVADOR,MEDICINA,20-Apr-21,ERIC_WERNER,M,18-May-13,ARROYO_URQUIZA,BRADLEYBEAN@HOTMAIL.COM
UNIVERSIDAD_DEL_SALVADOR,LICENCIATURA_EN_CIENCIA_POLÍTICA_,20-Feb-20,KYLE_WILLIAMS,M,14-Mar-06,ARROYO_ALELI,HANEYMARY@HOTMAIL.COM
UNIVERSIDAD_DEL_SALVADOR,INGENIERÍA_ELECTRÓNICA,20-Feb-21,TRACEY_ROMAN,F,02-May-99,CABO_SAN_FERMIN,GARYNELSON@YAHOO.COM
UNIVERSIDAD_DEL_SALVADOR,LICENCIATURA_EN_ADMINISTRACIÓN_,20-Dec-20,FRANCISCO_SWEENEY,M,03-Jul-43,AGUADA_DE_LAS_TEJAS,RMCINTOSH@HOTMAIL.COM
UNIVERSIDAD_DEL_SALVADOR,DISEÑO_INDUSTRIAL,20-Aug-21,AMY_THOMAS,F,29-Oct-49,ALFREDO_PEÑA,JHOLLOWAY@YAHOO.COM
UNIVERSIDAD_DEL_SALVADOR,TÉCNICO_PARA_BIOTERIOS_,20-Sep-20,MICHAEL_GRIFFIN,M,12-Sep-93,CARI_LARQUEA,SBRADY@HOTMAIL.COM
UNIVERSIDAD_DEL_SALVADOR,CIENCIAS_VETERINARIAS,20-Jul-20,JOHN_ANDERSON,M,09-Jun-26,ARTURO_VATTEONE,LRICHARDS@YAHOO.COM
UNIVERSIDAD_DEL_SALVADOR,LICENCIATURA_EN_TERAPIA_OCUPACIONAL,20-Jan-21,BAILEY_CALDWELL,F,11-Dec-31,BAHIA_SAN_BLAS,ALLENKARA@GMAIL.COM
UNIVERSIDAD_DEL_SALVADOR,LICENCIATURA_EN_MUSICOTERAPIA,20-Jul-20,TIMOTHY_DONOVAN,M,10-Sep-85,CARRIZAL_NORTE,CHERYLOLSON@GMAIL.COM
UNIVERSIDAD_DEL_SALVADOR,CIENCIAS_VETERINARIAS,20-Feb-21,JULIA_AYALA,F,03-Oct-18,ADOLFO_J_POMAR,ZSCHULTZ@HOTMAIL.COM
UNIVERSIDAD_DEL_SALVADOR,LICENCIATURA_EN_CIENCIAS_GEOLÓGICAS,20-Dec-21,MARIE_RODRIGUEZ,F,12-Dec-94,COMODORO_PY,JAMES28@GMAIL.COM
UNIVERSIDAD_DEL_SALVADOR,LICENCIATURA_EN_CIENCIAS_GEOLÓGICAS,20-Aug-21,ALISON_CROSBY,F,18-Mar-35,CERRO_SANTA_ANA,SCOTT22@HOTMAIL.COM
UNIVERSIDAD_DEL_SALVADOR,CIENCIAS_VETERINARIAS,20-Jan-21,HEIDI_GARCIA,F,28-Jul-78,PUENTE_DEL_INCA,LORIHOLMES@YAHOO.COM
UNIVERSIDAD_DEL_SALVADOR,LICENCIATURA_EN_RELACIONES_DEL_TRABAJO_,20-Oct-19,JORDAN_GILBERT,M,12-Jul-30,AGUA_Y_ENERGIA,MICHAEL27@HOTMAIL.COM
UNIVERSIDAD_DEL_SALVADOR,FARMACIA,20-Dec-21,KELLY_MARTIN,F,08-Mar-53,BARKER,HEATHERRICH@YAHOO.COM
UNIVERSIDAD_DEL_SALVADOR,AGRONOMÍA,20-Feb-21,MARTIN_GEORGE,M,24-Aug-26,25_DE_MAYO,KENNETHIBARRA@GMAIL.COM
UNIVERSIDAD_DEL_SALVADOR,INGENIERÍA_EN_INFORMÁTICA,20-Sep-21,JASON_MYERS,M,05-Feb-23,ALZAGA,BETTY27@GMAIL.COM
UNIVERSIDAD_DEL_SALVADOR,LICENCIATURA_EN_GESTIÓN_DE_AGROALIMENTOS,20-Jul-20,MARK_JEFFERSON,M,15-Jul-24,CAMPO_CARETTO,FPAYNE@HOTMAIL.COM
UNIVERSIDAD_DEL_SALVADOR,TÉCNICO_PARA_BIOTERIOS_,20-Jan-21,SANDY_BELTRAN,F,08-May-81,IRAOLA,MURPHYJENNIFER@GMAIL.COM
UNIVERSIDAD_DEL_SALVADOR,TÉCNICO_PARA_BIOTERIOS_,20-Feb-21,JENNIFER_BRADLEY,F,22-Feb-08,ABRA_MAYO,BRENT74@HOTMAIL.COM
UNIVERSIDAD_DEL_SALVADOR,LICENCIATURA_EN_GESTIÓN_DE_AGROALIMENTOS,20-Sep-20,DEBORAH_REID,F,11-Jul-35,COLIQUEO,XGRIFFIN@GMAIL.COM
UNIVERSIDAD_DEL_SALVADOR,LICENCIATURA_EN_ADMINISTRACIÓN_,20-Sep-20,JOHN_JOHNSON,M,15-Jan-19,COLONIA_FREITAS,BTAYLOR@YAHOO.COM
UNIVERSIDAD_DEL_SALVADOR,CONTADOR_PÚBLICO_,20-Oct-19,DAVID_YORK,M,04-May-82,BALNEARIO_LA_CALETA,SHERRYRANDALL@GMAIL.COM
UNIVERSIDAD_DEL_SALVADOR,DISEÑO_INDUSTRIAL,20-Jul-21,THERESA_CARLSON,F,09-Aug-57,EZPELETA_ESTE,ELIZABETHALVARADO@GMAIL.COM
UNIVERSIDAD_DEL_SALVADOR,LICENCIATURA_EN_SOCIOLOGÍA_,20-Jul-21,BOB_LEE,M,08-Jun-88,PLANCHADA_BANDERITA,TRACIFLORES@GMAIL.COM
UNIVERSIDAD_DEL_SALVADOR,TÉCNICO_PARA_BIOTERIOS_,20-Feb-21,THOMAS_KLEIN,M,14-Dec-47,CHAPI_TALO,VERONICANEAL@YAHOO.COM
UNIVERSIDAD_DEL_SALVADOR,CONTADOR_PÚBLICO_,20-Dec-19,PAUL_MCLAUGHLIN,M,01-Sep-94,VILLA_SABOYA,BRIANNAALLEN@HOTMAIL.COM
UNIVERSIDAD_DEL_SALVADOR,INGENIERÍA_EN_INFORMÁTICA,20-Mar-21,JOSHUA_RICHARDSON,M,21-Sep-66,KILOMETRO_23,STEWARTSAMANTHA@YAHOO.COM
UNIVERSIDAD_DEL_SALVADOR,INGENIERÍA_ELECTRÓNICA,20-Feb-21,SHANE_EVANS,M,26-May-54,COLONIA_FLORENCIA,DANIEL77@GMAIL.COM
UNIVERSIDAD_DEL_SALVADOR,LICENCIATURA_EN_CIENCIA_POLÍTICA_,20-Oct-19,BRIANA_CASTILLO,F,19-Mar-08,BAJO_DE_RACO,JOSEPH06@GMAIL.COM
UNIVERSIDAD_DEL_SALVADOR,ARQUITECTURA,20-Nov-20,DAVID_RANDOLPH,M,27-Nov-10,CASTILLA,LEAHEDWARDS@YAHOO.COM
UNIVERSIDAD_DEL_SALVADOR,LICENCIATURA_EN_CIENCIAS_ANTROPOLÓGICAS,20-Oct-20,REGINALD_ALVARADO,M,10-May-03,CASTELAR,HUDSONJESSICA@YAHOO.COM
UNIVERSIDAD_DEL_SALVADOR,INGENIERÍA_ELECTRÓNICA,20-Aug-21,CHARLES_HOLMES,M,24-Aug-64,ALTO_DEL_PUESTO,HSTEELE@GMAIL.COM
UNIVERSIDAD_DEL_SALVADOR,LICENCIATURA_EN_PLANIFICACIÓN_Y_DISEÑO_DEL_PAISAJE,20-Oct-20,WILLIAM_KEMP,M,21-Feb-69,AYUI_PARADA,KENNEDYJOSEPH@GMAIL.COM
UNIVERSIDAD_DEL_SALVADOR,INGENIERÍA_EN_INFORMÁTICA,20-Jan-20,ANDREA_WHITE,F,26-Feb-81,AERO_CLUB_CANAL,JAMESCRUZ@HOTMAIL.COM
UNIVERSIDAD_DEL_SALVADOR,LICENCIATURA_EN_KINESIOLOGÍA_Y_FISIATRÍA,20-Mar-21,ERICA_JONES,F,20-Dec-11,GOMEZ,SCOOPER@GMAIL.COM
UNIVERSIDAD_DEL_SALVADOR,DISEÑO_INDUSTRIAL,20-Aug-20,JACOB_PETERSON,M,19-Jun-17,BARRIO_BATAN,HANNAHCHARLES@GMAIL.COM
UNIVERSIDAD_DEL_SALVADOR,LICENCIATURA_EN_GESTIÓN_DE_AGROALIMENTOS,20-Mar-20,PHILIP_RIVERS,M,24-Jan-63,CARAGUATAY,LFIELDS@HOTMAIL.COM
UNIVERSIDAD_DEL_SALVADOR,LICENCIATURA_EN_CIENCIAS_BIOLÓGICAS,20-Oct-19,DESTINY_TAYLOR,F,19-Jun-06,BARRIO_GARIN_NORTE,HJACKSON@YAHOO.COM
UNIVERSIDAD_DEL_SALVADOR,LICENCIATURA_EN_CIENCIA_POLÍTICA_,20-Jul-20,JOSHUA_HILL,M,27-Dec-22,AGUADA_DE_LAS_TEJAS,DMORA@YAHOO.COM
UNIVERSIDAD_DEL_SALVADOR,LICENCIATURA_EN_PLANIFICACIÓN_Y_DISEÑO_DEL_PAISAJE,20-Mar-20,ANTHONY_RILEY,M,14-Aug-15,COMODORO_PY,SIMONBRIANA@HOTMAIL.COM
UNIVERSIDAD_DEL_SALVADOR,CONTADOR_PÚBLICO_,20-Jan-20,JASON_MORGAN,M,01-Feb-17,GENERAL_SAN_MARTIN,JAMESPATRICK@GMAIL.COM
UNIVERSIDAD_DEL_SALVADOR,FARMACIA,20-Jun-20,DR._MARK_WILSON_MD,M,08-Feb-86,SAN_MARCELO,KARENKENNEDY@HOTMAIL.COM
UNIVERSIDAD_DEL_SALVADOR,LICENCIATURA_EN_TERAPIA_OCUPACIONAL,20-Oct-20,MICHAEL_CARRILLO,M,06-Feb-28,CORRENTOSO,MTHOMAS@GMAIL.COM
UNIVERSIDAD_DEL_SALVADOR,LICENCIATURA_EN_CIENCIAS_ANTROPOLÓGICAS,20-Jul-20,JOHN_LANE,M,27-Jul-53,ARGENTINA_BELVEDERE,SHERRY50@GMAIL.COM
UNIVERSIDAD_DEL_SALVADOR,LICENCIATURA_EN_CIENCIAS_BIOLÓGICAS,20-May-20,DOMINIQUE_GOLDEN,F,07-Dec-27,COLONIA_BARON,GONZALEZOLIVIA@GMAIL.COM
UNIVERSIDAD_DEL_SALVADOR,CIENCIAS_VETERINARIAS,20-Sep-20,JUSTIN_PACHECO,M,24-Jun-79,ALBARRACIN,WILSONJENNIFER@GMAIL.COM
UNIVERSIDAD_DEL_SALVADOR,CIENCIAS_VETERINARIAS,20-Apr-21,DANA_ROBINSON,F,07-Sep-27,AVELLANEDA,NWRIGHT@GMAIL.COM
UNIVERSIDAD_DEL_SALVADOR,INGENIERÍA_MECÁNICA,20-Sep-20,ERIK_PATTERSON,M,16-Nov-05,BOQUERON,FISHERPHILLIP@HOTMAIL.COM
UNIVERSIDAD_DEL_SALVADOR,LICENCIATURA_EN_CIENCIAS_GEOLÓGICAS,20-Apr-20,ANTHONY_BALDWIN,M,15-Jan-65,LA_PUNTA,THARPER@YAHOO.COM
UNIVERSIDAD_DEL_SALVADOR,LICENCIATURA_EN_RELACIONES_DEL_TRABAJO_,20-Dec-20,SARAH_SIMON,F,02-Jun-52,COLONIA_TACURALES,KEVIN81@GMAIL.COM
UNIVERSIDAD_DEL_SALVADOR,LICENCIATURA_EN_RELACIONES_DEL_TRABAJO_,20-Aug-21,JOSEPH_ROY,M,06-Aug-10,COLONIA_BARON_HIRSCH,QHINTON@HOTMAIL.COM
UNIVERSIDAD_DEL_SALVADOR,ARQUITECTURA,20-May-21,COURTNEY_TURNER,F,26-Jul-74,LLAVALLOL,SCOTT09@YAHOO.COM
UNIVERSIDAD_DEL_SALVADOR,BIOQUÍMICA,20-Jul-21,BRIAN_DAVIDSON,M,15-Feb-08,10_DE_MAYO,VNICHOLS@GMAIL.COM
UNIVERSIDAD_DEL_SALVADOR,BIOQUÍMICA,20-Oct-21,PATRICK_MARTINEZ,M,02-Apr-88,ALFALAND,HANNAHMASON@GMAIL.COM
UNIVERSIDAD_DEL_SALVADOR,AGRONOMÍA,20-Feb-20,ANDRE_ARIAS,M,20-Sep-06,CAMINO_CENTENARIO_KM_11500,JEREMYSCOTT@HOTMAIL.COM
UNIVERSIDAD_DEL_SALVADOR,TÉCNICO_PARA_BIOTERIOS_,20-Apr-21,AMBER_HERNANDEZ,F,22-Jan-63,RIO_MAYO,KINGRAYMOND@HOTMAIL.COM
UNIVERSIDAD_DEL_SALVADOR,LICENCIATURA_EN_GESTIÓN_DE_AGROALIMENTOS,20-Dec-19,JESSICA_HURLEY,F,10-Mar-98,30_DE_OCTUBRE,DYERMELINDA@YAHOO.COM
UNIVERSIDAD_DEL_SALVADOR,LICENCIATURA_EN_CIENCIAS_ANTROPOLÓGICAS,20-Apr-20,LISA_FULLER,F,05-Feb-10,ATALIVA_ROCA,LISA85@YAHOO.COM
UNIVERSIDAD_DEL_SALVADOR,LICENCIATURA_EN_MUSICOTERAPIA,20-Oct-20,JOE_ROGERS,M,07-Aug-83,MANUEL_B_GONNET,JOHNSONMICHELE@HOTMAIL.COM
UNIVERSIDAD_DEL_SALVADOR,INGENIERÍA_ELECTRÓNICA,20-Mar-21,JEFFREY_CONNER,M,28-May-20,COLONIA_CORONEL_DORREGO,NBULLOCK@GMAIL.COM
UNIVERSIDAD_DEL_SALVADOR,DISEÑO_DE_IMAGEN_Y_SONIDO,20-Aug-20,ISAIAH_DICKSON,M,27-Feb-62,ARISTIDES_VILLANUEVA,BYODER@GMAIL.COM
UNIVERSIDAD_DEL_SALVADOR,LICENCIATURA_EN_CIENCIAS_DE_LA_COMPUTACIÓN,20-Nov-20,DERRICK_MOORE,M,22-May-41,EL_ALTO,OMAR43@YAHOO.COM
UNIVERSIDAD_DEL_SALVADOR,ARQUITECTURA,20-Jan-21,LANCE_DYER,M,28-Feb-66,CLAVERIE,DUANEMARQUEZ@GMAIL.COM
UNIVERSIDAD_DEL_SALVADOR,ARQUITECTURA,20-Feb-20,MARK_CORTEZ,M,21-Mar-46,ARROYO,DANIEL11@YAHOO.COM
UNIVERSIDAD_DEL_SALVADOR,DISEÑO_INDUSTRIAL,20-Dec-19,LISA_WEBSTER,F,25-Feb-95,ARATA,THOMPSONASHLEY@YAHOO.COM
UNIVERSIDAD_DEL_SALVADOR,LICENCIATURA_EN_SOCIOLOGÍA_,20-Dec-20,ROBERT_BECK,M,03-Jun-06,COLONIA_BARGA,RANDYADAMS@YAHOO.COM
UNIVERSIDAD_DEL_SALVADOR,LICENCIATURA_EN_CIENCIA_Y_TECNOLOGÍA_DE_ALIMENTOS,20-Jun-20,NOAH_HARRIS,M,13-Sep-14,ARENAZA,WILLIAMSONMARY@YAHOO.COM
UNIVERSIDAD_DEL_SALVADOR,LICENCIATURA_EN_CIENCIAS_DE_LA_COMPUTACIÓN,20-Jan-21,MEGAN_PRICE,F,10-Dec-09,CAPDEPONT,GABRIEL10@HOTMAIL.COM
UNIVERSIDAD_DEL_SALVADOR,LICENCIATURA_EN_CIENCIA_POLÍTICA_,20-Nov-20,LEAH_ANDREWS,F,30-Oct-13,DIAMANTE,LOVENATASHA@GMAIL.COM
UNIVERSIDAD_DEL_SALVADOR,INGENIERÍA_MECÁNICA,20-May-20,JESSICA_LINDSEY,F,08-Mar-14,LLAVALLOL,VALERIE69@HOTMAIL.COM
UNIVERSIDAD_DEL_SALVADOR,LICENCIATURA_EN_CIENCIAS_BIOLÓGICAS,20-May-20,MEAGAN_JOHNSON,F,04-Jul-50,ALBARIÑO,SMITHJANICE@YAHOO.COM
UNIVERSIDAD_DEL_SALVADOR,LICENCIATURA_EN_PSICOLOGÍA,20-Nov-19,CHEYENNE_BROWN,F,01-Sep-11,CARLOS_PELLEGRINI,VANESSA16@YAHOO.COM
UNIVERSIDAD_DEL_SALVADOR,LICENCIATURA_EN_CIENCIA_Y_TECNOLOGÍA_DE_ALIMENTOS,20-Jan-20,NICOLE_GUTIERREZ,F,04-Dec-17,AMBROSIO_P_LEZICA,JONESJOSEPH@GMAIL.COM
UNIVERSIDAD_DEL_SALVADOR,DISEÑO_DE_IMAGEN_Y_SONIDO,20-Mar-21,JAY_GEORGE,M,01-Apr-85,FUNKE,KATIESCHMIDT@HOTMAIL.COM
UNIVERSIDAD_DEL_SALVADOR,DISEÑO_DE_IMAGEN_Y_SONIDO,20-Feb-20,JORDAN_MCCOY,F,06-Jun-11,VALLE_DE_LAS_LEÑAS,RICHARDSONALAN@HOTMAIL.COM
UNIVERSIDAD_DEL_SALVADOR,CIENCIAS_VETERINARIAS,20-Apr-21,THOMAS_RIVERA,M,03-Feb-03,ARROYO_QUILLEN,ANDERSENZACHARY@HOTMAIL.COM
UNIVERSIDAD_DEL_SALVADOR,LICENCIATURA_EN_CIENCIAS_DE_LA_EDUCACIÓN_,20-Feb-21,KARL_HARRIS,M,14-Aug-37,30_DE_OCTUBRE,VRAMIREZ@YAHOO.COM
UNIVERSIDAD_DEL_SALVADOR,LICENCIATURA_EN_PRODUCCIÓN_DE_BIOIMAGENES,20-Nov-20,ANTONIO_LEE,M,21-Aug-85,COLONIA_BARON_HIRSCH,SGUTIERREZ@HOTMAIL.COM
UNIVERSIDAD_DEL_SALVADOR,FARMACIA,20-Sep-20,JAMES_SHIELDS,M,24-Mar-49,LOS_INDIOS,NPROCTOR@HOTMAIL.COM
UNIVERSIDAD_DEL_SALVADOR,LICENCIATURA_EN_MUSICOTERAPIA,20-Oct-20,SHERRI_YU,F,27-Aug-13,LOS_ANTIGUOS,ROBERTARIAS@YAHOO.COM
UNIVERSIDAD_DEL_SALVADOR,LICENCIATURA_EN_CIENCIA_POLÍTICA_,20-Sep-20,JOSEPH_FRANKLIN,M,20-Jan-72,AERO_CLUB_ROSARIO,MICHELLEPRESTON@YAHOO.COM
UNIVERSIDAD_DEL_SALVADOR,TÉCNICO_PARA_BIOTERIOS_,20-Feb-21,DAVID_KRAMER,M,18-Nov-52,LA_COLINA,PATRICKJAMES@HOTMAIL.COM
UNIVERSIDAD_DEL_SALVADOR,LICENCIATURA_EN_RELACIONES_DEL_TRABAJO_,20-Jul-21,DOUGLAS_BROWN,M,17-Jun-75,COLONIA_LOTE_12,SMITHTIM@HOTMAIL.COM
UNIVERSIDAD_DEL_SALVADOR,ARQUITECTURA,20-Apr-21,ROBERT_MOORE,M,25-Nov-17,CACHIRULO,BRADLEYDAVIS@YAHOO.COM
UNIVERSIDAD_DEL_SALVADOR,DISEÑO_INDUSTRIAL,20-Oct-19,KRISTIN_OBRIEN,F,15-May-67,ABDON_CASTRO_TOLAY,STRICKLANDKAITLIN@YAHOO.COM
UNIVERSIDAD_DEL_SALVADOR,LICENCIATURA_EN_CIENCIAS_GEOLÓGICAS,20-Oct-21,MELINDA_ANTHONY_MD,F,31-Jan-20,BUENA_VISTA,THOMAS42@GMAIL.COM
UNIVERSIDAD_DEL_SALVADOR,BIOQUÍMICA,20-Jan-20,JEAN_WALKER,F,02-Feb-88,VILLARS,MALDONADOPATRICIA@HOTMAIL.COM
UNIVERSIDAD_DEL_SALVADOR,LICENCIATURA_EN_MUSICOTERAPIA,20-May-20,ALAN_COMBS,M,09-Jul-86,ARTEAGA,GIBSONOLIVIA@HOTMAIL.COM
UNIVERSIDAD_DEL_SALVADOR,LICENCIATURA_EN_GESTIÓN_DE_AGROALIMENTOS,20-Jul-20,WAYNE_TAYLOR,M,29-Jul-95,ALMIRANTE_SOLIER,COLEPAMELA@HOTMAIL.COM
UNIVERSIDAD_DEL_SALVADOR,MEDICINA,20-Nov-21,PATRICK_COCHRAN,M,07-Oct-14,CAMPO_LA_LIMA,FBOYER@YAHOO.COM
UNIVERSIDAD_DEL_SALVADOR,INGENIERÍA_MECÁNICA,20-May-21,MICHAEL_BARNETT,M,22-Aug-33,COMANDANTE_GRANVILLE,CRAIG01@GMAIL.COM
UNIVERSIDAD_DEL_SALVADOR,LICENCIATURA_EN_CIENCIAS_DE_LA_COMPUTACIÓN,20-Nov-20,AUSTIN_GREEN,M,25-Aug-36,LIBERTAD,RHARDIN@HOTMAIL.COM
UNIVERSIDAD_DEL_SALVADOR,LICENCIATURA_EN_CIENCIAS_AMBIENTALES,20-Mar-20,SABRINA_HARPER,F,18-Apr-55,LA_RIBERA,AWEBSTER@GMAIL.COM
UNIVERSIDAD_DEL_SALVADOR,BIOQUÍMICA,20-Mar-20,TIMOTHY_GUTIERREZ,M,03-Feb-12,LA_ESPERANZA_ROSAS_LAS_FLORES,MATTHEW57@GMAIL.COM
UNIVERSIDAD_DEL_SALVADOR,CIENCIAS_VETERINARIAS,20-Dec-19,MAUREEN_SMITH,F,02-May-09,BAÑADO_NORTE,DAVID14@YAHOO.COM
UNIVERSIDAD_DEL_SALVADOR,DISEÑO_INDUSTRIAL,20-Nov-19,MARC_WALTERS,M,19-Jan-48,ALEGRIA,JOSE89@GMAIL.COM
UNIVERSIDAD_DEL_SALVADOR,AGRONOMÍA,20-May-21,WAYNE_FOSTER,M,06-Apr-72,CHILECITO,YMITCHELL@HOTMAIL.COM
UNIVERSIDAD_DEL_SALVADOR,LICENCIATURA_EN_ARTES,20-Oct-21,RUSSELL_ZAVALA,M,28-Feb-28,CHIVILCOY,WUSHAWN@HOTMAIL.COM
UNIVERSIDAD_DEL_SALVADOR,LICENCIATURA_EN_CIENCIA_Y_TECNOLOGÍA_DE_ALIMENTOS,20-Oct-19,KIMBERLY_RAY,F,07-Apr-21,ALMACEN_PIATTI,HEATHER67@YAHOO.COM
UNIVERSIDAD_DEL_SALVADOR,LICENCIATURA_EN_CIENCIAS_ANTROPOLÓGICAS,20-Dec-19,JONATHAN_LONG,M,29-Aug-35,OCHO_VADOS,RACHELROBERTS@HOTMAIL.COM
UNIVERSIDAD_DEL_SALVADOR,LICENCIATURA_EN_CIENCIAS_BIOLÓGICAS,20-Dec-19,MONIQUE_FLORES,F,19-Apr-55,BASAIL,PENAANDRE@HOTMAIL.COM
UNIVERSIDAD_DEL_SALVADOR,LICENCIATURA_EN_CIENCIA_POLÍTICA_,20-Oct-19,MEGAN_CUNNINGHAM,F,25-Jan-64,CABRAL_CUE,ATKINSPAUL@YAHOO.COM
UNIVERSIDAD_DEL_SALVADOR,DISEÑO_DE_IMAGEN_Y_SONIDO,20-Mar-21,JENNIFER_ALI,F,10-Aug-99,RICARDONE,CASEY14@YAHOO.COM
UNIVERSIDAD_DEL_SALVADOR,FARMACIA,20-Nov-19,AMY_CARLSON,F,20-May-02,LOS_INDIOS,PTUCKER@YAHOO.COM
UNIVERSIDAD_DEL_SALVADOR,LICENCIATURA_EN_ARTES,20-Jan-21,WILLIAM_TAYLOR,M,17-Jun-60,CORONEL_BOERR,WHITEDANIELLE@YAHOO.COM
UNIVERSIDAD_DEL_SALVADOR,INGENIERÍA_MECÁNICA,20-Dec-19,DARRYL_FOWLER,M,18-May-14,ANAHI,CHARLESMOORE@GMAIL.COM
UNIVERSIDAD_DEL_SALVADOR,AGRONOMÍA,20-Jun-21,RANDY_MIRANDA,M,28-Mar-18,CAMPO_GARCIA,PSMITH@GMAIL.COM
UNIVERSIDAD_DEL_SALVADOR,INGENIERÍA_EN_INFORMÁTICA,20-Nov-21,SARAH_COX,F,23-Feb-60,LOMAS_DEL_MIRADOR,CHARLES14@YAHOO.COM
UNIVERSIDAD_DEL_SALVADOR,BIOQUÍMICA,20-Jan-21,SHERYL_HEATH,F,02-Sep-14,ACASSUSO,IRUIZ@YAHOO.COM
UNIVERSIDAD_DEL_SALVADOR,INGENIERÍA_MECÁNICA,20-Apr-20,TONY_ROBERTS,M,01-Aug-22,CAMPO_QUIÑONES,ROSSKENNETH@YAHOO.COM
UNIVERSIDAD_DEL_SALVADOR,LICENCIATURA_EN_PLANIFICACIÓN_Y_DISEÑO_DEL_PAISAJE,20-Oct-21,SAMANTHA_CRAWFORD,F,04-Jan-57,BAJO_LAS_TUNAS,PHILIPDOUGLAS@GMAIL.COM
UNIVERSIDAD_DEL_SALVADOR,TÉCNICO_PARA_BIOTERIOS_,20-Dec-21,MICHELLE_RODRIGUEZ,F,18-Jan-40,EMPALME_FRONTERA,JORDANPAUL@YAHOO.COM
UNIVERSIDAD_DEL_SALVADOR,BIOQUÍMICA,20-Oct-20,WILLIAM_WHITE,M,09-Nov-63,BAJO_DE_RACO,STEPHANIE57@HOTMAIL.COM
UNIVERSIDAD_DEL_SALVADOR,LICENCIATURA_EN_PRODUCCIÓN_DE_BIOIMAGENES,20-Jan-21,STEPHEN_TAYLOR,M,31-Jan-08,BALNEARIO_OCEANO,WENDYLONG@HOTMAIL.COM
UNIVERSIDAD_DEL_SALVADOR,INGENIERÍA_EN_INFORMÁTICA,20-Oct-20,CHARLENE_CUNNINGHAM,F,02-Oct-48,CAÑADA_LA_NEGRA,HENRYLONNIE@YAHOO.COM
UNIVERSIDAD_DEL_SALVADOR,LICENCIATURA_EN_PLANIFICACIÓN_Y_DISEÑO_DEL_PAISAJE,20-Jul-20,MEGAN_FOSTER,F,25-Aug-32,CAMPO_LA_LIMA,TAMMYTERRELL@YAHOO.COM
UNIVERSIDAD_DEL_SALVADOR,LICENCIATURA_EN_CIENCIAS_BIOLÓGICAS,20-Oct-20,ELIZABETH_GREER,F,06-Dec-99,AGUADA_ALEGRE,RICEMELISSA@GMAIL.COM
UNIVERSIDAD_DEL_SALVADOR,LICENCIATURA_EN_PLANIFICACIÓN_Y_DISEÑO_DEL_PAISAJE,20-Oct-19,JOSEPH_VANCE,M,20-Oct-43,CARRIZALES,ENGLISHKELLY@YAHOO.COM
UNIVERSIDAD_DEL_SALVADOR,LICENCIATURA_EN_ADMINISTRACIÓN_,20-Jan-20,LORETTA_EATON,F,20-Sep-66,EL_RETIRO,GELLIOTT@HOTMAIL.COM
UNIVERSIDAD_DEL_SALVADOR,FARMACIA,20-Jan-21,CARL_KRAMER,M,19-Nov-51,AMBROSETTI,KRISTOPHER60@GMAIL.COM
UNIVERSIDAD_DEL_SALVADOR,AGRONOMÍA,20-Jan-20,ANTHONY_SWANSON_MD,M,22-Jul-38,ARROYO_BURGOS,NATALIE42@GMAIL.COM
UNIVERSIDAD_DEL_SALVADOR,LICENCIATURA_EN_MUSICOTERAPIA,20-Aug-21,LAURA_REYNOLDS,F,17-Jul-81,APEADERO_QUIROGA,PATRICIAHENDERSON@YAHOO.COM
UNIVERSIDAD_DEL_SALVADOR,BIOQUÍMICA,20-Jun-21,CINDY_FOLEY,F,30-Aug-73,LA_BANDA,TAYLORJOSEPH@HOTMAIL.COM
UNIVERSIDAD_DEL_SALVADOR,ARQUITECTURA,20-Jan-21,DERRICK_HAMMOND,M,15-Oct-51,CHOLILA,JAMIETANNER@HOTMAIL.COM
UNIVERSIDAD_DEL_SALVADOR,LICENCIATURA_EN_SOCIOLOGÍA_,20-Oct-21,TERESA_DAVIS,F,04-Oct-69,CACHARI,KIRSTEN11@HOTMAIL.COM
UNIVERSIDAD_DEL_SALVADOR,LICENCIATURA_EN_PSICOLOGÍA,20-Oct-21,TAMMY_THOMAS,F,21-Apr-19,JUAN_F_IBARRA,KJACKSON@GMAIL.COM
UNIVERSIDAD_DEL_SALVADOR,AGRONOMÍA,20-Nov-20,REGINA_BAUER,F,20-Mar-85,CALCHAQUI,HWELLS@YAHOO.COM
UNIVERSIDAD_DEL_SALVADOR,ACTUARIO_,20-Aug-21,DAVID_BRADLEY,M,23-Sep-74,LARRECHEA,PATRICK23@GMAIL.COM
UNIVERSIDAD_DEL_SALVADOR,FARMACIA,20-Sep-21,DENISE_LEONARD,F,03-Feb-53,LANDETA,LYNN40@HOTMAIL.COM
UNIVERSIDAD_DEL_SALVADOR,CIENCIAS_VETERINARIAS,20-Jul-21,MARY_ANTHONY,F,05-Jul-72,ALTO_LOS_CARDALES,OROZCOANDREA@GMAIL.COM
UNIVERSIDAD_DEL_SALVADOR,LICENCIATURA_EN_KINESIOLOGÍA_Y_FISIATRÍA,20-May-20,SPENCER_RODRIGUEZ,M,08-Jun-41,LA_UNION,COREYSANTOS@YAHOO.COM
UNIVERSIDAD_DEL_SALVADOR,LICENCIATURA_EN_CIENCIAS_ANTROPOLÓGICAS,20-Aug-21,SARAH_SUAREZ,F,10-May-92,CINCO_SALTOS,LISA44@GMAIL.COM
UNIVERSIDAD_DEL_SALVADOR,LICENCIATURA_EN_CIENCIAS_GEOLÓGICAS,20-Dec-21,LOGAN_HICKS,M,02-Dec-82,ALTO_CON_ZAMPA,JUSTINCLEMENTS@GMAIL.COM
UNIVERSIDAD_DEL_SALVADOR,LICENCIATURA_EN_ARTES,20-Feb-21,SARAH_WHITEHEAD,F,07-Jun-06,EL_MEDANO,CHRISTIANJOHNSON@HOTMAIL.COM
UNIVERSIDAD_DEL_SALVADOR,LICENCIATURA_EN_PSICOLOGÍA,20-Jun-21,IAN_WAGNER,M,03-Apr-06,ARROYO_ALELI,RANDALL11@YAHOO.COM
UNIVERSIDAD_DEL_SALVADOR,LICENCIATURA_EN_PLANIFICACIÓN_Y_DISEÑO_DEL_PAISAJE,20-Jul-20,MARY_ELLIS,F,12-Feb-00,HUGHES,TIFFANYBAUER@GMAIL.COM
UNIVERSIDAD_DEL_SALVADOR,LICENCIATURA_EN_GESTIÓN_DE_AGROALIMENTOS,20-Mar-20,PEGGY_GARCIA,F,28-Feb-63,BAJO_GRANDE,DHOWARD@HOTMAIL.COM
UNIVERSIDAD_DEL_SALVADOR,ARQUITECTURA,20-Jul-21,CHRISTOPHER_BALDWIN,M,05-Nov-16,AZCUENAGA,ZLOWE@GMAIL.COM
UNIVERSIDAD_DEL_SALVADOR,ACTUARIO_,20-Feb-21,KATRINA_RICHARDSON,F,03-Nov-11,ALFALAD,THOMASSMITH@HOTMAIL.COM
UNIVERSIDAD_DEL_SALVADOR,INGENIERÍA_MECÁNICA,20-Nov-20,AUDREY_FLOWERS,F,07-Oct-55,EL_ALTO,STEVEN90@YAHOO.COM
UNIVERSIDAD_DEL_SALVADOR,LICENCIATURA_EN_PLANIFICACIÓN_Y_DISEÑO_DEL_PAISAJE,20-Jul-20,ANDREW_TURNER,M,26-Sep-16,COLONIA_ADOLFO_ALSINA,RONALDKING@GMAIL.COM
UNIVERSIDAD_DEL_SALVADOR,LICENCIATURA_EN_ADMINISTRACIÓN_,20-Aug-20,SAVANNAH_KOCH,F,05-Feb-22,BARRIO_BELGRANO,KELLY74@YAHOO.COM
UNIVERSIDAD_DEL_SALVADOR,LICENCIATURA_EN_CIENCIAS_DE_LA_COMPUTACIÓN,20-Sep-20,JAMES_CAMPBELL,M,08-Jul-56,LA_PLATA,NBURCH@GMAIL.COM
UNIVERSIDAD_DEL_SALVADOR,FARMACIA,20-Dec-19,LACEY_MASON,F,16-Jun-67,ARTURO_SEGUI,ANDREWRAMOS@HOTMAIL.COM
UNIVERSIDAD_DEL_SALVADOR,LICENCIATURA_EN_TERAPIA_OCUPACIONAL,20-Feb-21,BENJAMIN_MENDEZ,M,19-Mar-91,INDIO_RICO,QCOHEN@YAHOO.COM
UNIVERSIDAD_DEL_SALVADOR,LICENCIATURA_EN_ADMINISTRACIÓN_,20-Mar-20,ALLISON_CUEVAS,F,23-Sep-20,AGUA_DE_LOS_MANANTIALES,BARRYJACQUELINE@GMAIL.COM
UNIVERSIDAD_DEL_SALVADOR,LICENCIATURA_EN_CIENCIAS_AMBIENTALES,20-Aug-20,DAVID_BURNS,M,09-Aug-72,BAJO_LA_CANCHA,LAURA60@YAHOO.COM
UNIVERSIDAD_DEL_SALVADOR,ACTUARIO_,20-Apr-20,JENNIFER_HARRISON,F,30-Dec-29,ABDON_CASTRO_TOLAY,KATHLEEN48@HOTMAIL.COM
UNIVERSIDAD_DEL_SALVADOR,LICENCIATURA_EN_KINESIOLOGÍA_Y_FISIATRÍA,20-Dec-19,THOMAS_REID,M,21-Nov-13,BUENA_ESPERANZA,AANDERSON@HOTMAIL.COM
UNIVERSIDAD_DEL_SALVADOR,LICENCIATURA_EN_CIENCIAS_AMBIENTALES,20-May-21,JOHN_PINEDA,M,11-Apr-78,ALBERTO_FLORES,MORGANGUTIERREZ@YAHOO.COM
UNIVERSIDAD_DEL_SALVADOR,LICENCIATURA_EN_SOCIOLOGÍA_,20-Jun-20,RANDY_MONTGOMERY,M,10-Jul-44,AREQUITO,TAYLOR88@YAHOO.COM
UNIVERSIDAD_DEL_SALVADOR,LICENCIATURA_EN_TERAPIA_OCUPACIONAL,20-Aug-20,RICHARD_BARRY,M,21-Jan-12,MASUREL,UMARTINEZ@HOTMAIL.COM
UNIVERSIDAD_DEL_SALVADOR,LICENCIATURA_EN_PLANIFICACIÓN_Y_DISEÑO_DEL_PAISAJE,20-Nov-21,JENNIFER_WILLIAMS,F,28-Jun-34,VILLA_DOMINICO,LYNCHJUSTIN@GMAIL.COM
UNIVERSIDAD_DEL_SALVADOR,LICENCIATURA_EN_PLANIFICACIÓN_Y_DISEÑO_DEL_PAISAJE,20-Feb-20,JENNIFER_MASSEY,F,03-Dec-75,ARROYO_DE_LA_CRUZ,PHILLIPSCOLIN@HOTMAIL.COM
UNIVERSIDAD_DEL_SALVADOR,CIENCIAS_VETERINARIAS,20-May-20,JUSTIN_RUIZ,M,04-Jun-79,ISIDRO_CASANOVA,HOLLY27@HOTMAIL.COM
UNIVERSIDAD_DEL_SALVADOR,LICENCIATURA_EN_PLANIFICACIÓN_Y_DISEÑO_DEL_PAISAJE,20-Oct-19,BRIAN_RODRIGUEZ,M,27-Mar-38,CAÑADA_DE_GOMEZ,CHANDLERADAM@YAHOO.COM
UNIVERSIDAD_DEL_SALVADOR,LICENCIATURA_EN_PSICOLOGÍA,20-Dec-19,CARRIE_STEWART,F,27-Feb-61,VILLA_SABOYA,CHERYLJOHNSON@YAHOO.COM
UNIVERSIDAD_DEL_SALVADOR,DISEÑO_DE_IMAGEN_Y_SONIDO,20-Feb-21,ANN_WILSON,F,08-Aug-21,AGUADA_CHACAY_CO,CHRISTINE01@YAHOO.COM
UNIVERSIDAD_DEL_SALVADOR,INGENIERÍA_EN_INFORMÁTICA,20-Feb-20,JENNIFER_REEVES,F,06-May-64,CHEROGUITA,KRISTINWEEKS@YAHOO.COM
UNIVERSIDAD_DEL_SALVADOR,FARMACIA,20-Nov-21,SHEILA_KENNEDY,F,18-Jun-79,VICENTE_LOPEZ,ANNEHERNANDEZ@GMAIL.COM
UNIVERSIDAD_DEL_SALVADOR,MEDICINA,20-Oct-19,HALEY_BOWEN,F,11-Jan-92,BASE_NAVAL_RIO_SANTIAGO,LGUTIERREZ@GMAIL.COM
UNIVERSIDAD_DEL_SALVADOR,LICENCIATURA_EN_PSICOLOGÍA,20-Apr-21,MONICA_EVANS,F,28-Dec-90,EL_TREBOL,JASON01@YAHOO.COM
UNIVERSIDAD_DEL_SALVADOR,LICENCIATURA_EN_CIENCIA_Y_TECNOLOGÍA_DE_ALIMENTOS,20-Sep-20,DR._KATHRYN_TURNER,F,16-Nov-84,AGUADA_A_PIQUE,DVILLEGAS@YAHOO.COM
UNIVERSIDAD_DEL_SALVADOR,LICENCIATURA_EN_ADMINISTRACIÓN_,20-Sep-20,SHAWNA_WATKINS,F,12-Mar-80,BONPLAND,JESSESTEVENSON@HOTMAIL.COM
UNIVERSIDAD_DEL_SALVADOR,LICENCIATURA_EN_MUSICOTERAPIA,20-Dec-20,DAVID_WEST,M,19-Apr-69,AMAMBAY,JESSICA85@YAHOO.COM
UNIVERSIDAD_DEL_SALVADOR,INGENIERÍA_ELECTRÓNICA,20-Nov-21,COURTNEY_BISHOP,F,07-Sep-09,ESTANCIA_SANTA_CATALINA,STEPHANIE84@GMAIL.COM
UNIVERSIDAD_DEL_SALVADOR,INGENIERÍA_ELECTRÓNICA,20-May-20,ZACHARY_TRAN_DVM,M,02-Aug-44,CAMPO_PESOA,INGRAMKAYLA@HOTMAIL.COM
UNIVERSIDAD_DEL_SALVADOR,LICENCIATURA_EN_PSICOLOGÍA,20-May-20,SHANNON_FLORES,F,06-Mar-33,GENERAL_GUTIERREZ,ALISONHUDSON@GMAIL.COM
UNIVERSIDAD_DEL_SALVADOR,CIENCIAS_VETERINARIAS,20-Nov-21,MRS._AMY_CONWAY_DDS,F,07-Jul-57,LA_EDUVIGIS,YLAMBERT@YAHOO.COM
UNIVERSIDAD_DEL_SALVADOR,LICENCIATURA_EN_RELACIONES_DEL_TRABAJO_,20-Jul-21,EMILY_WHITE,F,07-Aug-07,COLPES,KHILL@HOTMAIL.COM
UNIVERSIDAD_DEL_SALVADOR,LICENCIATURA_EN_RELACIONES_DEL_TRABAJO_,20-Jul-20,TREVOR_SMITH,M,11-Apr-99,DESVIO_KILOMETRO_55,JOHNBROOKS@HOTMAIL.COM
UNIVERSIDAD_DEL_SALVADOR,LICENCIATURA_EN_CIENCIAS_BIOLÓGICAS,20-Sep-20,MICHAEL_VASQUEZ,M,08-Apr-11,ALIJILAN,JAMESRAY@YAHOO.COM
UNIVERSIDAD_DEL_SALVADOR,LICENCIATURA_EN_CIENCIAS_DE_LA_EDUCACIÓN_,20-Feb-21,GREGORY_MCCLURE,M,27-Apr-16,CASCADA_LOS_CANTAROS,JOSE72@YAHOO.COM
UNIVERSIDAD_DEL_SALVADOR,LICENCIATURA_EN_GESTIÓN_DE_AGROALIMENTOS,20-Sep-21,THOMAS_MILLER,M,31-Jul-12,CACIQUE_ARIACAIQUIN,RTAYLOR@YAHOO.COM
UNIVERSIDAD_DEL_SALVADOR,MEDICINA,20-Jul-21,ASHLEY_KIRBY_PHD,F,01-Jan-81,CUSHAMEN,BLACKWELLJENNIFER@HOTMAIL.COM
UNIVERSIDAD_DEL_SALVADOR,LICENCIATURA_EN_CIENCIAS_GEOLÓGICAS,20-Apr-20,DR._WALTER_BROWN,M,17-Jul-11,BARRIO_1_DE_MAYO,THENRY@HOTMAIL.COM
UNIVERSIDAD_DEL_SALVADOR,LICENCIATURA_EN_KINESIOLOGÍA_Y_FISIATRÍA,20-Jul-20,BRYAN_BECK,M,12-Oct-42,COLONIA_MATILDE,GOODCAROLINE@HOTMAIL.COM
UNIVERSIDAD_DEL_SALVADOR,AGRONOMÍA,20-May-20,BRADLEY_ROSE,M,22-Jul-30,BERRETTA,ROGERCOOK@GMAIL.COM
UNIVERSIDAD_DEL_SALVADOR,ARQUITECTURA,20-Jan-20,DAVID_HERNANDEZ,M,09-Aug-53,KILOMETRO_45,TIMOTHYSCOTT@HOTMAIL.COM
UNIVERSIDAD_DEL_SALVADOR,LICENCIATURA_EN_ADMINISTRACIÓN_,20-Nov-19,MARK_RANDALL,M,14-Mar-20,PALANTELEN,ANGELA05@GMAIL.COM
UNIVERSIDAD_DEL_SALVADOR,CIENCIAS_VETERINARIAS,20-Aug-20,CODY_BRADFORD,M,04-Dec-84,LA_BUANA_MOZA,MICHAELSOTO@HOTMAIL.COM
UNIVERSIDAD_DEL_SALVADOR,LICENCIATURA_EN_CIENCIA_Y_TECNOLOGÍA_DE_ALIMENTOS,20-Dec-21,SHARON_MARSHALL,F,26-Oct-45,ADOLFO_GONZALES_CHAVES,NWALKER@YAHOO.COM
UNIVERSIDAD_DEL_SALVADOR,DISEÑO_INDUSTRIAL,20-Jun-20,SUSAN_SIMMONS,F,23-Apr-53,ABDON_CASTRO_TOLAY,CPEARSON@GMAIL.COM
UNIVERSIDAD_DEL_SALVADOR,LICENCIATURA_EN_CIENCIA_POLÍTICA_,20-May-21,RUBEN_THOMPSON,M,01-Jul-69,ABEL,CHARLOTTESANFORD@HOTMAIL.COM
UNIVERSIDAD_DEL_SALVADOR,LICENCIATURA_EN_CIENCIAS_DE_LA_EDUCACIÓN_,20-Mar-20,GREGORY_MORGAN,M,28-Jul-14,BONPLAND_NORTE,TDOYLE@YAHOO.COM
UNIVERSIDAD_DEL_SALVADOR,LICENCIATURA_EN_CIENCIAS_GEOLÓGICAS,20-Dec-21,JAMES_GALLAGHER,M,11-Aug-71,CUCHA_CUCHA,RSANCHEZ@YAHOO.COM
UNIVERSIDAD_DEL_SALVADOR,CIENCIAS_VETERINARIAS,20-Sep-21,AMBER_ZHANG,F,28-Dec-69,PASO_DE_LOS_ANDES,SPARKSJAMES@GMAIL.COM
UNIVERSIDAD_DEL_SALVADOR,LICENCIATURA_EN_PSICOLOGÍA,20-Jan-21,CHELSEA_SMITH,F,28-Oct-08,TABLADA,NICOLEWALLACE@HOTMAIL.COM
UNIVERSIDAD_DEL_SALVADOR,LICENCIATURA_EN_PRODUCCIÓN_DE_BIOIMAGENES,20-Oct-20,WILLIAM_ADKINS,M,20-Jul-14,IRENEO_PORTELA,MATTHEW76@HOTMAIL.COM
UNIVERSIDAD_DEL_SALVADOR,ARQUITECTURA,20-Apr-20,TARA_KENNEDY,F,12-Oct-13,ARROYO_PASTORA,CHRISTIE18@YAHOO.COM
UNIVERSIDAD_DEL_SALVADOR,LICENCIATURA_EN_ADMINISTRACIÓN_,20-Feb-20,PETER_HARRISON,M,23-Nov-94,ISIDRO_CASANOVA,ADAMGALLEGOS@YAHOO.COM
UNIVERSIDAD_DEL_SALVADOR,ARQUITECTURA,20-Nov-19,ANGELA_COOK,F,23-Jan-52,CERVANTES,SSCOTT@GMAIL.COM
UNIVERSIDAD_DEL_SALVADOR,CIENCIAS_VETERINARIAS,20-May-21,ROBERT_FLORES,M,03-Oct-06,AMBROSETTI,KCANNON@YAHOO.COM
UNIVERSIDAD_DEL_SALVADOR,LICENCIATURA_EN_CIENCIA_Y_TECNOLOGÍA_DE_ALIMENTOS,20-Mar-21,LORI_CHANG,F,22-Mar-06,APARZO,HUNTERELIZABETH@GMAIL.COM
UNIVERSIDAD_DEL_SALVADOR,LICENCIATURA_EN_KINESIOLOGÍA_Y_FISIATRÍA,20-May-20,ANGELA_WILLIAMS,F,21-Apr-02,DESVIO_BOERO,JAMESLEWIS@YAHOO.COM
UNIVERSIDAD_DEL_SALVADOR,LICENCIATURA_EN_PLANIFICACIÓN_Y_DISEÑO_DEL_PAISAJE,20-Feb-20,LUIS_ALLEN,M,16-Nov-68,ANASAGASTI,AMANDA40@GMAIL.COM
UNIVERSIDAD_DEL_SALVADOR,LICENCIATURA_EN_CIENCIAS_DE_LA_EDUCACIÓN_,20-Apr-20,CARRIE_TORRES,F,20-Apr-34,GUAMINI,FLEMINGMARTIN@GMAIL.COM
UNIVERSIDAD_DEL_SALVADOR,CONTADOR_PÚBLICO_,20-Sep-20,JORGE_GOMEZ,M,06-May-29,ESTACION_USPALLATA,BARBARAMARTINEZ@HOTMAIL.COM
UNIVERSIDAD_DEL_SALVADOR,ARQUITECTURA,20-Dec-21,CRYSTAL_KIM,F,21-Feb-13,ANTONIO_TOMAS,LAWRENCEEMILY@YAHOO.COM
UNIVERSIDAD_DEL_SALVADOR,LICENCIATURA_EN_SOCIOLOGÍA_,20-Oct-21,AARON_COHEN,M,14-Mar-17,ARROYO_GUILAIA,ELESTER@GMAIL.COM
UNIVERSIDAD_DEL_SALVADOR,LICENCIATURA_EN_GESTIÓN_DE_AGROALIMENTOS,20-Dec-21,LAUREN_PHAM,F,02-May-81,BAJO_DE_LOS_SUELDOS,STEVEN24@YAHOO.COM
UNIVERSIDAD_DEL_SALVADOR,LICENCIATURA_EN_RELACIONES_DEL_TRABAJO_,20-Jul-20,JESSICA_SMITH,F,13-Feb-84,DRABBLE,HANNAH31@YAHOO.COM
UNIVERSIDAD_DEL_SALVADOR,LICENCIATURA_EN_CIENCIAS_ANTROPOLÓGICAS,20-Sep-21,WILLIAM_JOHNSON,M,27-Jun-84,CORONEL_CHARLONE,AMBER83@HOTMAIL.COM
UNIVERSIDAD_DEL_SALVADOR,LICENCIATURA_EN_RELACIONES_DEL_TRABAJO_,20-Sep-20,KELLY_TAYLOR,F,14-Dec-94,MANUEL_OCAMPO,RANDALLWEBER@GMAIL.COM
UNIVERSIDAD_DEL_SALVADOR,AGRONOMÍA,20-Jun-21,CRYSTAL_MUNOZ,F,09-Oct-13,ARANA,JUSTINLAWSON@HOTMAIL.COM
UNIVERSIDAD_DEL_SALVADOR,DISEÑO_INDUSTRIAL,20-Feb-20,DIANE_JOSEPH,F,13-Dec-05,ROLDAN,JESSICA96@YAHOO.COM
UNIVERSIDAD_DEL_SALVADOR,CONTADOR_PÚBLICO_,20-Sep-21,MARK_RICHARDS,M,25-Sep-14,CAMPO_MONTE_LA_VIRUELA,TERESA10@YAHOO.COM
UNIVERSIDAD_DEL_SALVADOR,LICENCIATURA_EN_PRODUCCIÓN_DE_BIOIMAGENES,20-May-20,PAIGE_SHEPARD,F,08-Feb-58,BECCAR,CLIFFORDJONES@HOTMAIL.COM
UNIVERSIDAD_DEL_SALVADOR,LICENCIATURA_EN_ARTES,20-Jan-20,LUIS_SKINNER,M,01-May-06,COLONIA_LOS_ZAPALLOS,CONTRERASERNEST@GMAIL.COM
UNIVERSIDAD_DEL_SALVADOR,AGRONOMÍA,20-Sep-21,DR._LUIS_ADKINS,M,07-May-53,ARROYO_CEIBO,FJONES@GMAIL.COM
UNIVERSIDAD_DEL_SALVADOR,LICENCIATURA_EN_PSICOLOGÍA,20-Feb-20,LISA_SCOTT,F,07-Apr-19,6_DE_SEPTIEMBRE,ROBINSONTRACI@GMAIL.COM
UNIVERSIDAD_DEL_SALVADOR,LICENCIATURA_EN_CIENCIAS_ANTROPOLÓGICAS,20-Dec-20,AMANDA_ROGERS,F,18-Sep-77,ADOLFO_VAN_PRAET,NATASHA58@GMAIL.COM
UNIVERSIDAD_DEL_SALVADOR,LICENCIATURA_EN_PRODUCCIÓN_DE_BIOIMAGENES,20-Nov-20,AMANDA_LAWSON_DDS,F,30-Jul-07,DESVIO_KILOMETRO_234,SAMANTHAOWEN@YAHOO.COM
UNIVERSIDAD_DEL_SALVADOR,CONTADOR_PÚBLICO_,20-Oct-19,CHAD_PENNINGTON,M,12-Dec-09,ADOLFO_GONZALES_CHAVES,JORDANWEBER@GMAIL.COM
UNIVERSIDAD_DEL_SALVADOR,ARQUITECTURA,20-Jul-21,SEAN_LEE,M,18-Oct-04,BAÑADO_SAN_ANTONIO,THOMASWEBER@HOTMAIL.COM
UNIVERSIDAD_DEL_SALVADOR,LICENCIATURA_EN_ADMINISTRACIÓN_,20-Nov-19,DANIELLE_STOKES,F,25-Feb-93,CORRENTOSO,TRACYHUMPHREY@GMAIL.COM
UNIVERSIDAD_DEL_SALVADOR,LICENCIATURA_EN_MUSICOTERAPIA,20-Nov-21,JENNIFER_FRYE,F,28-Sep-61,CABURE,NICHOLASHARRIS@GMAIL.COM
UNIVERSIDAD_DEL_SALVADOR,LICENCIATURA_EN_MUSICOTERAPIA,20-Apr-21,MICHAEL_WILLIAMS,M,22-Jun-12,AMADORES,AMBER76@HOTMAIL.COM
UNIVERSIDAD_DEL_SALVADOR,LICENCIATURA_EN_ARTES,20-Mar-21,BRANDON_AGUIRRE,M,06-Mar-87,CAMPO_COLIQUEO,STEPHEN88@YAHOO.COM
UNIVERSIDAD_DEL_SALVADOR,ACTUARIO_,20-May-20,ERIC_BROWN,M,22-Oct-09,LA_QUERENCIA,WALTER71@YAHOO.COM
UNIVERSIDAD_DEL_SALVADOR,INGENIERÍA_EN_INFORMÁTICA,20-Jun-20,DIANA_JOHNSON,F,27-Dec-65,AGUA_DE_LOS_MANANTIALES,KELLYMCDONALD@GMAIL.COM
UNIVERSIDAD_DEL_SALVADOR,DISEÑO_DE_IMAGEN_Y_SONIDO,20-Nov-20,JODY_WILLIAMS,F,05-Jul-02,BAÑADO_SAN_ANTONIO,FOWLERWILLIAM@HOTMAIL.COM
UNIVERSIDAD_DEL_SALVADOR,LICENCIATURA_EN_CIENCIAS_GEOLÓGICAS,20-Apr-20,ANITA_SALINAS,F,28-Feb-20,ALMA_GRANDE,KINGCHELSEA@GMAIL.COM
UNIVERSIDAD_DEL_SALVADOR,BIOQUÍMICA,20-Jun-20,REBECCA_WEBER,F,05-Jun-15,ARROYO_LAS_MINAS,AMYBOYD@YAHOO.COM
UNIVERSIDAD_DEL_SALVADOR,AGRONOMÍA,20-Aug-21,BRYAN_VALENCIA,M,12-Apr-33,8_DE_DICIEMBRE,ANN96@HOTMAIL.COM
UNIVERSIDAD_DEL_SALVADOR,LICENCIATURA_EN_CIENCIAS_DE_LA_EDUCACIÓN_,20-Dec-20,JASON_WOOD,M,14-Apr-89,ARROYO_LAS_MINAS,DONNA48@GMAIL.COM
UNIVERSIDAD_DEL_SALVADOR,LICENCIATURA_EN_CIENCIA_Y_TECNOLOGÍA_DE_ALIMENTOS,20-Nov-21,LISA_KELLEY,F,21-Sep-48,EL_JAGUEL,NNGUYEN@YAHOO.COM
UNIVERSIDAD_DEL_SALVADOR,LICENCIATURA_EN_GESTIÓN_DE_AGROALIMENTOS,20-Jan-21,TODD_COHEN,M,30-Oct-29,CLAVERIE,JOHN29@HOTMAIL.COM
UNIVERSIDAD_DEL_SALVADOR,LICENCIATURA_EN_CIENCIAS_BIOLÓGICAS,20-Mar-20,WESLEY_PRATT,M,20-Jan-97,SAN_MARCELO,EMILY80@HOTMAIL.COM
UNIVERSIDAD_DEL_SALVADOR,LICENCIATURA_EN_MUSICOTERAPIA,20-Mar-21,ANGELA_THOMAS,F,10-Jun-19,ALGARROBITO,JOHNWILSON@HOTMAIL.COM
UNIVERSIDAD_DEL_SALVADOR,LICENCIATURA_EN_ADMINISTRACIÓN_,20-May-21,SCOTT_STAFFORD,M,25-Dec-20,ADAN_QUIROGA,JAVERY@YAHOO.COM
UNIVERSIDAD_DEL_SALVADOR,CONTADOR_PÚBLICO_,20-Jun-21,MICHAELA_LOPEZ,F,16-Jul-71,SAN_ANTONIO_DE_PADUA,CARRIENOBLE@HOTMAIL.COM
UNIVERSIDAD_DEL_SALVADOR,ACTUARIO_,20-May-20,KATHLEEN_MARTINEZ,F,22-Mar-00,AYACUCHO,HARRISONSTEVEN@HOTMAIL.COM
UNIVERSIDAD_DEL_SALVADOR,INGENIERÍA_ELECTRÓNICA,20-Aug-20,PAUL_BARRON,M,11-Sep-18,20_DE_SEPTIEMBRE,GALLEGOSJAMES@GMAIL.COM
UNIVERSIDAD_DEL_SALVADOR,ACTUARIO_,20-Nov-21,ELIZABETH_ADAMS,F,05-Apr-14,ESTACION_LAGO_EPECUEN,SUSAN40@HOTMAIL.COM
UNIVERSIDAD_DEL_SALVADOR,LICENCIATURA_EN_PLANIFICACIÓN_Y_DISEÑO_DEL_PAISAJE,20-Feb-20,LEE_AUSTIN,M,20-Mar-30,CARI_LARQUEA,MATTHEW61@GMAIL.COM
UNIVERSIDAD_DEL_SALVADOR,LICENCIATURA_EN_KINESIOLOGÍA_Y_FISIATRÍA,20-May-20,MICHELLE_SHORT,F,08-Jul-72,APARZO,PAMELAMCMAHON@HOTMAIL.COM
UNIVERSIDAD_DEL_SALVADOR,DISEÑO_INDUSTRIAL,20-Sep-21,CYNTHIA_GONZALEZ,F,30-Aug-25,ISLA_TIGRE,BROOKSCHRISTOPHER@GMAIL.COM
UNIVERSIDAD_DEL_SALVADOR,LICENCIATURA_EN_CIENCIAS_DE_LA_COMPUTACIÓN,20-Nov-21,PRISCILLA_BUCK,F,03-Jul-02,AGUA_BLANCA,CHRISTINA81@YAHOO.COM
UNIVERSIDAD_DEL_SALVADOR,BIOQUÍMICA,20-Sep-20,JENNIFER_HAWKINS,F,13-May-94,TEMPERLEY,MARY45@GMAIL.COM
UNIVERSIDAD_DEL_SALVADOR,BIOQUÍMICA,20-Feb-20,MARK_ROBERTS,M,22-Nov-94,AGUA_AZUL,NWOODS@GMAIL.COM
UNIVERSIDAD_DEL_SALVADOR,ACTUARIO_,20-Aug-20,ASHLEY_ZAMORA,F,16-Mar-26,AGUAS_VERDES,KSMITH@HOTMAIL.COM
UNIVERSIDAD_DEL_SALVADOR,CONTADOR_PÚBLICO_,20-Oct-19,MICHAEL_MORROW,M,26-Dec-85,COLONIA_HINOJO,JOHN73@YAHOO.COM
UNIVERSIDAD_DEL_SALVADOR,LICENCIATURA_EN_CIENCIAS_DE_LA_COMPUTACIÓN,20-Apr-21,MELISSA_BROWN,F,20-Nov-19,LA_CHILCA,OREYNOLDS@YAHOO.COM
UNIVERSIDAD_DEL_SALVADOR,LICENCIATURA_EN_PSICOLOGÍA,20-Feb-20,JASON_MILLER,M,17-Jun-04,CHIMPAY,KIRBYJERRY@HOTMAIL.COM
UNIVERSIDAD_DEL_SALVADOR,LICENCIATURA_EN_PRODUCCIÓN_DE_BIOIMAGENES,20-Nov-19,STEVEN_HANSEN,M,16-Dec-88,10_DE_MAYO,XROBINSON@HOTMAIL.COM
UNIVERSIDAD_DEL_SALVADOR,LICENCIATURA_EN_TERAPIA_OCUPACIONAL,20-Aug-20,LAUREN_BROWN_PHD,F,05-Sep-38,AEROPUERTO_EZEIZA,DEBRA00@YAHOO.COM
UNIVERSIDAD_DEL_SALVADOR,DISEÑO_INDUSTRIAL,20-Apr-21,THOMAS_HEBERT,M,12-Feb-42,LA_SALADA,BASSSTEPHEN@HOTMAIL.COM
UNIVERSIDAD_DEL_SALVADOR,LICENCIATURA_EN_PRODUCCIÓN_DE_BIOIMAGENES,20-Nov-20,CHAD_KELLEY,M,22-Sep-91,SAN_JOSE,GHARRIS@HOTMAIL.COM
